{"timestamps": [1492880179.384755, 1492880191.747991, 1492880203.543754, 1492880221.641119, 1492880243.730999, 1492880260.441413, 1492880273.651578, 1492880289.367476, 1492880304.810472, 1492880326.356498, 1492880339.089379, 1492880352.730398, 1492880371.664243, 1492880385.336467, 1492880400.18736, 1492880415.052325, 1492880426.875045, 1492880444.229676, 1492880467.233144, 1492880486.017739, 1492880504.515906, 1492880522.642213, 1492880541.008259, 1492880555.336037, 1492880572.239511, 1492880591.123772, 1492880606.076345, 1492880628.954287, 1492880641.231541, 1492880657.819065], "episode_lengths": [746, 680, 698, 1043, 1244, 924, 772, 935, 849, 1262, 691, 773, 984, 734, 863, 771, 693, 942, 1224, 953, 724, 823, 748, 970, 946, 888, 750, 1024, 682, 998], "initial_reset_timestamp": 1492880164.153245, "episode_rewards": [10.0, 11.0, 11.0, 18.0, 23.0, 22.0, 11.0, 19.0, 17.0, 28.0, 11.0, 12.0, 22.0, 11.0, 13.0, 17.0, 14.0, 19.0, 28.0, 18.0, 13.0, 13.0, 12.0, 18.0, 22.0, 17.0, 11.0, 19.0, 18.0, 21.0], "episode_types": ["t", "t", "t", "t", "t", "t", "t", "t", "t", "t", "t", "t", "t", "t", "t", "t", "t", "t", "t", "t", "t", "t", "t", "t", "t", "t", "t", "t", "t", "t"]}