{"episode_rewards": [44.0], "timestamps": [1493948364.218931], "episode_lengths": [1394], "initial_reset_timestamp": 1493948338.960859, "episode_types": ["t", "t"]}